{"filesMd5":[{"page":"/mediator/index.js","md5":"81db8ff67f964b6339c933fdfe47e407"},{"page":"/pages/event/a.js","md5":"7d1f2273590dece71d3c4e6b4b75582a"},{"page":"/pages/hello.js","md5":"06eb3ec37bdb30dcf2c9e3fd637637eb"},{"page":"/pages/event/b.js","md5":"6e4f4b6cd97395868ef2ec94e4959a02"},{"page":"/config/index.js","md5":"95dd70233857f5ce73cbbbaaf53b6601"},{"page":"/assets/demo.jpg","md5":"ad0a76ef138304056020d234c3217aeb"}],"android":"1.0.0","iOS":"1.0.0","appName":"erosproj","jsVersion":"e63f0bbc0ebc8de681ab0366b2953b0d","timestamp":1539905558677,"jsPath":"https://app.weex-eros.com/source"}
